Date,Close/Last,Volume,Open,High,Low
01/14/2025,221.64,3381229,224.30,225.47,220.81
01/13/2025,222.07,2711005,219.14,222.10,218.30
01/10/2025,220.82,3434810,222.16,222.54,219.62
01/08/2025,223.01,2654877,222.30,223.89,221.18
01/07/2025,222.38,2777007,226.58,227.25,221.57
01/06/2025,226.77,3393135,228.32,228.49,225.54
01/03/2025,225.88,3250769,222.64,226.02,221.52
01/02/2025,221.40,4583242,224.44,225.12,219.99
12/31/2024,224.35,2625399,227.28,227.95,223.97
12/30/2024,226.05,2706597,226.25,227.5092,224.63
12/27/2024,229.74,3048693,232.05,232.05,228.63
12/26/2024,233.60,2055415,233.97,234.45,232.57
12/24/2024,234.47,1276273,230.14,234.50,229.945
12/23/2024,229.17,2961256,228.89,229.40,226.18
12/20/2024,228.91,5458147,226.04,232.51,225.50
12/19/2024,228.33,6602627,231.76,232.418,226.965
12/18/2024,228.64,7202518,237.53,240.28,227.71
12/17/2024,239.43,5110481,239.76,239.93,237.45
12/16/2024,238.68,3007198,236.71,238.85,236.25
12/13/2024,235.49,2691256,234.49,235.589,233.90
12/12/2024,234.56,2436188,236.40,236.66,234.26
12/11/2024,236.52,2867412,234.37,236.60,234.24
12/10/2024,232.44,3815443,232.10,234.60,231.6701
12/09/2024,232.06,3256865,234.14,235.572,231.23
12/06/2024,232.80,2444609,229.86,232.85,229.84
12/05/2024,228.00,3660915,226.37,229.03,226.27
12/04/2024,226.15,2769742,224.55,226.37,224.31
12/03/2024,224.07,3525712,223.80,224.21,222.86
12/02/2024,224.24,4067668,223.87,224.77,223.45
11/29/2024,222.30,885704,220.53,222.35,220.40
11/27/2024,220.04,1914533,221.54,221.85,219.51
11/26/2024,221.13,1989811,220.22,221.51,219.8716
11/25/2024,220.33,3680192,220.70,222.265,220.22
11/22/2024,218.10,2275349,215.62,218.73,215.62
11/21/2024,215.00,2734286,215.27,215.54,213.34
11/20/2024,214.62,2989550,214.93,215.065,212.38
11/19/2024,215.57,1967937,213.42,216.23,212.43
11/18/2024,215.41,2376552,216.01,217.06,214.03
11/15/2024,213.44,3912377,214.07,215.10,212.46
11/14/2024,215.28,2310476,218.02,218.90,215.10
11/13/2024,218.38,2941664,217.99,219.54,217.24
11/12/2024,216.53,5267591,218.90,218.93,215.75
11/11/2024,219.46,4604977,218.50,220.39,217.51
11/08/2024,215.12,3893103,212.08,216.27,211.85
11/07/2024,212.11,4010570,209.83,212.96,209.76
11/06/2024,209.42,4699351,207.55,209.59,205.90
11/05/2024,202.93,2212139,199.85,202.99,199.68
11/04/2024,199.40,2384665,199.25,201.05,198.91
11/01/2024,200.09,3803941,200.51,202.15,199.90
10/31/2024,196.89,3098973,199.50,199.95,196.77
10/30/2024,199.95,2439905,200.71,201.61,199.79
10/29/2024,200.23,2123542,199.61,200.65,198.98
10/28/2024,201.28,2051284,202.39,203.08,201.19
10/25/2024,200.81,2719966,200.54,202.575,200.07
10/24/2024,200.18,3495923,198.30,200.445,197.70
10/23/2024,194.06,2169500,195.58,196.025,193.03
10/22/2024,197.16,1578828,196.44,197.87,195.92
10/21/2024,197.96,1652483,199.07,199.07,197.21
10/18/2024,199.51,1898461,199.15,200.04,198.37
10/17/2024,198.73,1744421,199.26,199.58,198.07
10/16/2024,198.91,2303530,198.06,198.955,197.80
10/15/2024,197.87,3417485,197.50,199.16,197.50
10/14/2024,197.44,1783317,196.98,197.765,196.1699
10/11/2024,196.58,2495809,195.43,197.37,195.40
10/10/2024,197.42,1629509,198.04,198.48,196.84
10/09/2024,198.40,2768802,197.64,198.80,196.79
10/08/2024,196.99,2366568,195.96,197.31,195.64
10/07/2024,195.09,2601002,196.71,196.71,194.39
10/04/2024,198.17,3914163,197.74,198.63,196.12
10/03/2024,195.58,3550693,196.15,196.91,194.785
10/02/2024,197.87,3741187,197.20,198.42,196.39
10/01/2024,199.56,4114744,200.25,200.43,196.96
09/30/2024,200.37,2286341,200.29,200.93,198.45
09/27/2024,200.84,1720946,201.30,201.65,200.255
09/26/2024,200.54,2133430,201.46,201.90,199.35
09/25/2024,199.69,1694880,199.72,200.1212,199.09
09/24/2024,200.41,2029802,199.65,200.46,198.47
09/23/2024,198.67,3635610,197.11,198.75,196.70
09/20/2024,196.69,2776174,196.79,196.99,195.23
09/19/2024,197.14,2932858,196.47,197.58,195.83
09/18/2024,192.75,3317400,193.41,196.045,192.52
09/17/2024,193.13,2153963,193.29,195.04,192.53
09/16/2024,192.15,1538628,192.38,192.79,191.11
09/13/2024,192.48,1963101,191.35,192.96,191.11
09/12/2024,191.18,2374296,189.04,191.27,188.82
09/11/2024,189.05,3755700,186.90,189.31,183.01
09/10/2024,187.18,4712294,185.78,187.30,184.67
09/09/2024,185.06,2148829,184.31,185.78,183.82
09/06/2024,182.40,3857063,187.49,188.17,182.32
09/05/2024,187.13,3632123,185.90,188.41,185.72
09/04/2024,185.03,5003766,184.03,185.87,183.7905
09/03/2024,184.55,4938302,186.58,187.4511,183.70
08/30/2024,187.12,2336125,185.02,187.29,184.28
08/29/2024,184.34,2307974,185.74,186.525,184.165
08/28/2024,184.12,2834303,185.81,186.27,182.65
08/27/2024,185.92,1664175,185.95,186.19,184.66
08/26/2024,186.41,1605453,187.69,188.09,185.83
08/23/2024,187.87,3152083,185.75,188.08,185.72
08/22/2024,184.31,2854959,187.88,188.06,183.97
08/21/2024,187.55,2266112,186.73,187.93,186.31
08/20/2024,185.21,2339470,185.40,186.30,184.67
08/19/2024,185.38,2285019,183.60,185.475,183.421
08/16/2024,183.13,2383954,181.85,183.89,181.85
08/15/2024,182.70,3144196,180.42,182.97,180.42
08/14/2024,177.05,2389876,177.98,178.515,176.34
08/13/2024,178.00,2923469,174.46,178.16,174.12
08/12/2024,173.65,2464859,174.68,174.68,172.59
08/09/2024,174.34,3189825,173.73,175.15,173.30
08/08/2024,173.76,2967591,171.58,174.23,170.64
08/07/2024,170.05,4202160,174.49,174.80,169.84
08/06/2024,173.07,4761702,172.09,175.54,170.51
08/05/2024,171.18,8195879,167.06,172.95,166.48
08/02/2024,176.16,6369369,176.93,176.93,174.05
08/01/2024,182.89,3647850,187.57,188.13,181.32
07/31/2024,187.49,2496875,186.84,189.06,186.43
07/30/2024,184.63,2140514,186.08,186.33,182.90
07/29/2024,185.66,3572998,183.84,186.34,183.74
07/26/2024,182.61,2264705,181.92,183.57,181.46
07/25/2024,180.59,5120411,181.27,183.76,180.04
07/24/2024,181.30,4100479,184.84,184.92,181.21
07/23/2024,189.03,2411827,190.61,190.91,188.94
07/22/2024,189.88,2404245,189.17,190.535,188.44
07/19/2024,187.81,1936098,188.79,189.56,187.05
07/18/2024,189.50,2187575,191.85,193.075,188.94
07/17/2024,191.45,2898572,193.26,193.75,191.11
07/16/2024,194.70,2061656,192.38,194.79,192.07
07/15/2024,191.27,2540158,192.56,193.90,190.67
07/12/2024,191.49,2726826,188.77,193.11,188.50
07/11/2024,189.02,4498409,192.35,193.66,188.45
07/10/2024,191.45,2279145,190.44,191.63,189.33
07/09/2024,190.02,1828037,189.18,191.22,189.05
07/08/2024,189.39,1838522,189.06,190.22,188.87
07/05/2024,189.30,1998211,188.70,189.42,187.76
07/03/2024,187.77,2189806,187.23,188.47,186.96
07/02/2024,186.58,2942271,184.03,186.60,183.86
07/01/2024,183.02,3196701,183.11,183.87,182.07
06/28/2024,182.40,3957276,183.53,184.71,181.47
06/27/2024,184.45,2114153,183.75,184.47,183.01
06/26/2024,183.33,2515892,180.27,183.70,180.03
06/25/2024,180.71,2356424,181.63,181.63,180.125
06/24/2024,181.44,2538955,182.64,183.44,181.37
06/21/2024,182.61,4311603,182.00,182.85,181.14
06/20/2024,181.08,2361421,180.67,181.52,180.13
06/18/2024,180.85,2241988,181.31,181.53,180.24
06/17/2024,181.46,3676631,178.10,181.91,177.77
06/14/2024,178.33,3052793,179.48,179.48,177.26
06/13/2024,179.75,2613494,180.83,181.18,179.11
06/12/2024,179.61,3978771,179.32,180.77,178.78
06/11/2024,177.76,2783038,178.15,178.15,176.19
06/10/2024,178.23,1865622,177.14,178.41,177.14
06/07/2024,177.66,2274317,177.38,178.74,177.325
06/06/2024,178.39,2227829,177.25,178.46,177.17
06/05/2024,177.10,2290989,176.48,177.10,174.89
06/04/2024,176.07,2889964,175.15,176.785,175.09
06/03/2024,175.89,3964491,176.09,176.67,174.25
05/31/2024,175.97,3420217,175.11,176.01,173.21
05/30/2024,174.99,2248342,174.47,175.48,174.13
05/29/2024,173.96,2171995,173.80,174.635,173.80
05/28/2024,175.11,2672109,174.90,175.48,174.17
05/24/2024,175.54,2575073,174.98,176.09,174.49
05/23/2024,173.79,3677277,177.13,177.13,173.525
05/22/2024,176.65,3166138,178.08,178.26,175.93
05/21/2024,178.51,2187838,177.21,178.55,176.54
05/20/2024,177.37,2001073,178.28,178.78,176.9458
05/17/2024,178.70,2788668,177.95,178.73,177.43
05/16/2024,177.79,3294786,178.85,179.12,177.725
05/15/2024,178.95,3591450,179.48,179.61,177.79
05/14/2024,178.68,3022302,177.58,178.965,177.50
05/13/2024,177.87,4071405,178.87,179.28,177.25
05/10/2024,178.10,2827364,179.21,179.35,177.73
05/09/2024,179.06,2523025,177.93,179.50,177.53
05/08/2024,177.85,2881630,176.96,178.12,176.83
05/07/2024,178.52,3150389,179.69,179.77,178.25
05/06/2024,179.81,3114659,179.02,179.81,178.495
05/03/2024,177.91,4506472,178.94,179.99,177.60
05/02/2024,176.72,4119292,176.16,177.06,174.42
05/01/2024,174.52,7168374,175.71,177.94,173.63
04/30/2024,175.62,3609287,178.24,179.08,175.48
04/29/2024,180.00,5154211,179.53,180.28,178.24
04/26/2024,175.91,3332873,174.94,177.10,174.69
04/25/2024,174.34,5350771,171.55,174.71,170.825
04/24/2024,174.19,4474315,175.12,175.63,172.94
04/23/2024,172.54,3944713,171.48,173.04,170.63
04/22/2024,170.51,4475208,170.12,171.37,168.90
04/19/2024,169.76,6790387,171.26,171.65,169.085
04/18/2024,171.26,4705903,172.65,173.3633,170.79
04/17/2024,172.33,6208417,174.01,174.185,171.62
04/16/2024,173.17,6435417,173.26,174.14,172.35
04/15/2024,174.16,5568381,178.40,178.53,173.995
04/12/2024,177.11,5364665,178.63,178.75,176.53
04/11/2024,180.03,4216774,179.20,180.675,177.70
04/10/2024,178.59,5402980,178.44,179.32,177.76
04/09/2024,181.39,4281139,181.43,181.49,179.88
04/08/2024,180.54,4147854,179.90,181.13,179.76
04/05/2024,178.84,5040947,178.44,180.00,178.07
04/04/2024,177.85,4825278,181.32,181.995,177.825
04/03/2024,179.96,5082613,178.82,180.59,178.82
04/02/2024,179.83,6135372,179.58,179.92,179.02
04/01/2024,182.52,4970855,184.09,184.29,181.85
03/28/2024,183.89,2979051,184.23,184.77,183.83
03/27/2024,184.46,2905974,183.77,184.48,182.87
03/26/2024,182.35,2693922,183.29,184.05,182.225
03/25/2024,182.12,2832342,182.01,183.06,182.01
03/22/2024,182.72,2859501,182.41,183.205,182.03
03/21/2024,184.33,3573188,184.54,185.22,184.24
03/20/2024,183.26,4248732,180.92,183.29,180.77
03/19/2024,180.57,3812089,178.98,180.66,178.73
03/18/2024,179.02,4256457,179.45,179.87,178.20
03/15/2024,178.05,4934419,178.63,179.84,177.565
03/14/2024,179.84,5405213,181.20,181.38,178.87
03/13/2024,180.99,2858546,180.92,182.13,180.705
03/12/2024,181.37,3953185,180.42,182.07,179.21
03/11/2024,179.82,4153220,179.81,180.53,179.37
03/08/2024,180.31,6231839,181.40,182.13,179.71
03/07/2024,180.98,3356670,180.10,181.72,180.06
03/06/2024,179.61,4649856,180.96,181.44,179.10
03/05/2024,180.25,6470916,181.35,181.68,179.63
03/04/2024,182.52,5668406,184.11,184.73,182.47
03/01/2024,185.02,5532908,184.25,185.29,183.31
02/29/2024,184.41,4135234,183.82,184.835,182.88
02/28/2024,183.17,3704394,182.15,184.04,182.05
02/27/2024,182.45,2926185,182.67,183.30,181.77
02/26/2024,181.85,3525830,181.82,182.73,181.57
02/23/2024,181.29,3787998,181.40,182.21,181.00
02/22/2024,182.11,4400030,180.24,182.40,179.92
02/21/2024,178.64,4443120,177.91,179.48,177.47
02/20/2024,177.33,4378184,177.38,178.01,176.21
02/16/2024,179.02,4256173,179.31,180.07,177.92
02/15/2024,180.09,5283898,178.39,180.10,177.92
02/14/2024,178.03,5780471,176.84,178.11,175.87
02/13/2024,176.17,7400748,176.13,177.165,175.23
02/12/2024,179.75,3020080,179.96,180.88,179.41
02/09/2024,179.90,4792193,178.48,180.19,178.07
02/08/2024,178.63,4049991,177.97,178.74,177.63
02/07/2024,177.85,3898241,176.86,178.51,176.44
02/06/2024,175.88,4686799,174.07,175.915,174.07
02/05/2024,174.82,6673081,175.50,175.50,172.76
02/02/2024,177.32,10381980,175.40,178.04,174.56
02/01/2024,174.21,7341164,171.72,174.255,171.12
01/31/2024,170.92,6831913,172.98,173.91,170.77
01/30/2024,174.09,3137395,174.48,174.92,173.76
01/29/2024,174.19,3690608,172.03,174.22,171.73
01/26/2024,171.68,3488918,171.63,172.55,171.03
01/25/2024,170.90,5546356,171.41,171.55,169.7246
01/24/2024,173.04,4311139,174.85,175.03,172.905
01/23/2024,173.70,3553645,174.29,174.87,172.82
01/22/2024,174.12,5592145,175.27,175.77,173.34
01/19/2024,174.89,4891519,173.49,175.2402,172.45
01/18/2024,173.22,4963099,173.06,173.43,171.32
01/17/2024,172.24,3980924,171.93,172.30,170.96
01/16/2024,173.76,4488088,172.91,174.44,172.40
01/12/2024,173.96,3722220,175.35,176.15,173.63
01/11/2024,176.08,4296029,176.11,176.665,174.24
01/10/2024,176.31,3812219,175.18,176.735,175.14
01/09/2024,174.91,4165030,174.28,175.155,173.83
01/08/2024,175.56,4071330,172.92,175.76,172.875
01/05/2024,172.62,6042422,171.91,174.03,171.84
01/04/2024,172.35,5957540,172.87,174.49,172.29
01/03/2024,173.57,7761426,175.97,176.06,173.50
01/02/2024,177.15,7684781,178.25,178.33,176.465
12/29/2023,178.81,4134338,179.99,180.29,178.20
12/28/2023,179.92,2804495,181.12,181.46,179.78
12/27/2023,180.86,3747954,180.47,181.33,180.38
12/26/2023,180.24,2740381,179.88,180.47,179.53
12/22/2023,179.48,4261486,180.09,180.86,178.74
12/21/2023,180.81,3927463,179.98,180.865,178.97
12/20/2023,178.10,4310799,180.60,182.19,178.06
12/19/2023,181.41,3597064,180.61,181.88,180.57
12/18/2023,180.00,3859705,179.46,180.57,179.10
12/15/2023,179.21,5629200,178.88,179.65,178.29
12/14/2023,178.84,7644484,178.01,179.55,177.33
12/13/2023,176.47,5449219,174.13,176.6625,172.77
12/12/2023,174.19,3705745,173.46,174.31,172.77
12/11/2023,173.65,9446152,172.99,173.865,172.46
12/08/2023,173.19,4048343,171.53,173.52,171.40
12/07/2023,172.40,3690081,171.68,172.71,171.13
12/06/2023,170.99,6114110,172.02,172.86,170.86
12/05/2023,170.74,3911290,169.52,172.43,169.38
12/04/2023,170.44,9238805,169.85,171.18,169.435
12/01/2023,171.09,7477855,168.06,171.14,167.73
11/30/2023,168.78,6511535,169.02,169.09,167.46
11/29/2023,169.02,3829708,170.74,171.60,168.895
11/28/2023,169.48,5986961,168.31,169.57,167.39
11/27/2023,168.51,3649831,168.34,169.39,167.62
11/24/2023,168.24,1741527,167.97,168.53,167.68
11/22/2023,168.08,4481720,168.29,169.37,167.42
11/21/2023,167.57,3801850,166.75,167.74,166.21
11/20/2023,168.00,4642529,167.10,168.3589,166.59
11/17/2023,167.14,4460549,166.59,167.59,165.55
11/16/2023,166.03,6143748,166.30,167.455,165.30
11/15/2023,167.75,6194504,168.37,169.15,167.224
11/14/2023,167.55,7629159,166.14,168.065,165.90
11/13/2023,162.09,4939985,160.69,162.64,159.97
11/10/2023,161.40,5156119,158.96,161.46,158.15
11/09/2023,158.76,5748606,161.56,161.76,158.20
11/08/2023,161.78,4167319,162.26,162.54,160.825
11/07/2023,162.21,4386840,160.71,162.41,160.38
11/06/2023,160.42,5640258,160.82,161.36,159.32
11/03/2023,160.22,6863572,159.30,161.08,159.25
11/02/2023,158.00,10034830,156.66,158.09,156.17
11/01/2023,153.98,10834930,152.99,154.08,151.79
10/31/2023,152.10,5084324,151.03,152.57,150.43
10/30/2023,150.96,6928998,151.31,151.91,149.64
10/27/2023,149.59,7613277,150.62,151.89,149.10
10/26/2023,148.04,8460786,150.23,151.05,147.83
10/25/2023,150.39,5600525,152.29,152.55,150.22
10/24/2023,153.49,4980214,153.03,154.47,152.37
10/23/2023,151.87,7853580,151.08,153.795,149.47
10/20/2023,151.69,6679002,153.72,153.80,151.61
10/19/2023,154.08,10567410,156.76,157.48,153.35
10/18/2023,158.12,5207283,160.69,160.94,157.81
10/17/2023,161.92,6709970,160.07,162.72,159.77
10/16/2023,161.54,5535673,159.83,162.06,159.43
10/13/2023,158.97,5666211,161.58,161.83,158.53
10/12/2023,161.34,4590645,163.15,163.44,160.24
10/11/2023,163.12,3987231,163.20,163.99,161.68
10/10/2023,162.54,6729491,161.03,164.08,160.955
10/09/2023,160.78,5248045,158.67,161.10,157.66
10/06/2023,160.61,7632638,157.81,161.225,156.94
10/05/2023,159.49,6960975,160.07,160.50,158.23
10/04/2023,160.29,7670345,157.96,160.64,157.92
10/03/2023,157.19,7307014,159.87,160.04,156.64
10/02/2023,161.11,7331841,160.02,162.42,159.63
09/29/2023,160.98,6558509,162.46,163.08,160.09
09/28/2023,160.13,5145898,157.78,160.59,157.38
09/27/2023,158.36,6242498,159.39,159.91,156.74
09/26/2023,158.97,5833505,160.45,161.44,158.615
09/25/2023,161.92,4743395,160.27,162.26,159.87
09/22/2023,160.93,7104799,163.52,163.86,160.79
09/21/2023,162.53,6118017,164.98,165.07,162.50
09/20/2023,167.09,4434501,169.32,170.29,167.075
09/19/2023,168.77,4162567,168.74,169.10,167.215
09/18/2023,169.62,3721263,171.00,171.20,169.39
09/15/2023,171.79,5990802,173.98,174.22,171.40
09/14/2023,174.78,4888537,173.65,175.23,172.84
09/13/2023,173.08,3992490,172.26,173.57,171.69
09/12/2023,171.72,4954117,172.67,173.83,171.72
09/11/2023,173.29,5324368,171.26,173.56,171.18
09/08/2023,168.75,2855113,168.52,169.90,168.28
09/07/2023,168.75,5219678,166.50,168.95,166.07
09/06/2023,168.28,5577504,168.90,169.16,167.06
09/05/2023,169.79,4713168,169.37,170.19,168.3875
09/01/2023,169.67,5309363,171.68,172.12,168.68
08/31/2023,170.71,3936448,170.29,171.64,170.05
08/30/2023,170.18,3644587,169.14,170.82,168.72
08/29/2023,169.45,4457096,165.28,169.52,165.28
08/28/2023,165.32,2981442,165.72,165.89,164.33
08/25/2023,164.66,5046537,163.57,165.14,162.10
08/24/2023,162.84,3974537,166.38,166.60,162.79
08/23/2023,166.09,3864342,164.01,166.57,163.845
08/22/2023,164.77,4003345,165.80,166.13,164.15
08/21/2023,164.53,3322639,163.61,164.79,162.68
08/18/2023,162.66,4124546,161.27,163.09,160.93
08/17/2023,163.03,4354566,166.31,166.47,162.93
08/16/2023,165.84,3357715,167.20,168.295,165.793
08/15/2023,167.92,3314293,169.61,170.36,167.67
08/14/2023,170.24,2819660,168.68,170.26,168.345
08/11/2023,169.72,3151072,169.15,170.23,168.465
08/10/2023,170.30,4361470,171.17,172.91,169.48
08/09/2023,169.89,4522552,172.17,172.18,169.60
08/08/2023,171.93,3627785,171.56,172.185,170.26
08/07/2023,173.31,3684589,172.15,173.34,170.71
08/04/2023,171.55,6753735,173.85,174.62,171.35
08/03/2023,169.09,4030422,167.73,169.51,167.33
08/02/2023,168.69,4853726,169.78,170.39,168.335
08/01/2023,171.77,3450143,172.87,173.11,171.65
07/31/2023,173.74,3471809,173.19,173.76,172.62
07/28/2023,172.76,3971908,171.73,173.22,171.19
07/27/2023,169.88,4731977,173.39,173.72,169.55
07/26/2023,171.66,4417348,170.62,172.41,170.46
07/25/2023,171.70,3241912,172.02,172.3714,171.26
07/24/2023,172.10,4825843,170.74,172.37,170.015
07/21/2023,170.98,5242087,172.47,172.51,170.235
07/20/2023,170.94,9735255,174.94,175.18,170.6999
07/19/2023,176.97,6545183,176.80,177.80,176.62
07/18/2023,176.35,4714040,175.00,176.76,174.48
07/17/2023,175.63,4181869,175.02,176.05,174.84
07/14/2023,174.92,3959881,174.46,175.69,174.15
07/13/2023,174.47,3695008,174.46,174.90,173.24
07/12/2023,172.85,5065932,173.64,173.87,172.45
07/11/2023,171.31,4816889,170.36,171.599,170.21
07/10/2023,169.89,5319392,169.50,170.02,168.44
07/07/2023,169.37,5281869,169.25,171.05,168.94
07/06/2023,169.16,5737288,169.76,170.0801,168.37
07/05/2023,171.93,7264297,171.59,172.20,170.91
07/03/2023,171.86,4651630,171.51,172.81,171.51
06/30/2023,169.81,4739474,169.09,170.35,168.66
06/29/2023,167.68,3876272,167.79,168.19,166.68
06/28/2023,167.50,4357803,166.40,168.71,166.26
06/27/2023,166.84,5478482,164.29,167.06,164.08
06/26/2023,163.33,4336854,164.44,166.81,163.26
06/23/2023,165.45,5845287,165.42,166.96,164.77
06/22/2023,167.39,5376553,164.26,167.425,164.07
06/21/2023,165.28,5458034,167.23,167.64,165.00
06/20/2023,167.29,5489679,165.69,167.48,165.18
06/16/2023,166.38,6647456,167.81,167.865,166.27
06/15/2023,166.63,5356978,164.07,167.21,163.78
06/14/2023,165.55,6710142,165.96,166.43,163.34
06/13/2023,165.67,5418369,165.28,165.78,163.95
06/12/2023,163.97,4706367,162.19,164.185,161.71
06/09/2023,161.20,5789630,162.02,163.35,160.815
06/08/2023,160.37,3361301,158.28,160.65,158.18
06/07/2023,158.03,4603197,160.23,160.77,157.73
06/06/2023,159.11,4899560,157.18,159.33,157.08
06/05/2023,157.47,3927500,156.97,158.00,156.55
06/02/2023,157.00,5412380,155.23,157.5875,155.14
06/01/2023,153.40,5084425,151.48,154.15,150.43
05/31/2023,151.61,6244883,151.98,152.29,149.51
05/30/2023,152.99,5490780,153.63,154.145,152.00
05/26/2023,151.97,5205105,148.83,153.07,148.58
05/25/2023,148.48,3998910,149.61,149.80,147.98
05/24/2023,149.15,3476224,149.38,149.94,147.99
05/23/2023,149.70,4291576,149.92,151.84,149.40
05/22/2023,151.08,3560032,151.62,152.07,150.56
05/19/2023,151.55,3575230,152.46,152.54,150.79
05/18/2023,152.83,4303303,150.82,152.89,150.80
05/17/2023,150.49,4665956,148.35,150.65,148.32
05/16/2023,147.42,3474405,147.01,148.74,146.80
05/15/2023,148.02,3206038,148.00,148.32,146.73
05/12/2023,147.83,3778887,149.60,149.99,146.95
05/11/2023,149.09,4144423,148.49,149.28,147.93
05/10/2023,148.40,4514064,149.01,149.77,146.70
05/09/2023,147.65,4232544,146.88,147.765,146.64
05/08/2023,147.69,3425042,147.64,147.75,146.71
05/05/2023,147.19,3685897,145.63,147.47,145.37
05/04/2023,144.27,5331472,145.41,146.04,144.04
05/03/2023,145.39,4256025,145.94,147.89,145.28
05/02/2023,146.55,4608577,146.18,146.87,144.77
05/01/2023,146.40,4273871,147.50,147.82,146.19
04/28/2023,147.86,4135515,146.79,148.0609,145.415
04/27/2023,147.48,4815387,144.70,147.65,144.60
04/26/2023,143.69,3853004,145.16,145.63,143.40
04/25/2023,144.43,4247158,146.38,146.64,144.41
04/24/2023,147.35,3874986,147.59,148.46,145.995
04/21/2023,147.37,4435299,146.95,147.96,145.82
04/20/2023,145.76,4143578,145.61,147.01,144.94
04/19/2023,148.04,3800223,146.80,148.885,146.66
04/18/2023,148.18,4529399,148.68,149.02,147.54
04/17/2023,147.94,4551234,147.27,148.26,146.53
04/14/2023,146.90,5400808,146.38,147.80,145.68
04/13/2023,146.71,6570029,144.58,146.84,144.11
04/12/2023,143.54,4531332,147.01,147.06,143.38
04/11/2023,145.80,4404143,145.65,146.62,145.14
04/10/2023,145.57,3638373,143.45,145.62,142.59
04/06/2023,144.93,3818138,144.23,145.19,142.89
04/05/2023,144.90,4430824,147.31,147.36,144.59
04/04/2023,147.93,4691733,148.66,149.00,146.64
04/03/2023,148.17,5669193,148.19,148.89,147.14
03/31/2023,149.54,5223705,146.58,149.63,146.37
03/30/2023,145.65,3239185,145.77,146.38,145.07
03/29/2023,144.39,3862941,143.24,144.44,142.74
03/28/2023,141.70,2859759,141.83,142.21,140.74
03/27/2023,141.87,4207320,142.94,143.47,141.28
03/24/2023,141.58,4717403,141.71,141.83,139.78
03/23/2023,142.04,6127786,143.91,144.96,140.63
03/22/2023,142.19,5491779,145.50,146.56,142.13
03/21/2023,145.43,6388423,143.35,145.65,143.29
03/20/2023,141.52,5864903,140.74,142.39,139.75
03/17/2023,141.34,8440007,143.13,143.22,140.19
03/16/2023,143.17,10747800,139.75,143.78,139.64
03/15/2023,140.63,9001425,138.75,140.71,137.9921
03/14/2023,140.84,7519125,140.37,141.24,139.08
03/13/2023,138.49,11814120,136.16,140.26,135.71
03/10/2023,138.20,14529370,140.05,141.50,137.73
03/09/2023,139.59,6668682,142.75,144.23,139.465
03/08/2023,143.00,5408306,143.00,143.30,141.53
03/07/2023,143.26,5970907,145.02,145.74,143.185
03/06/2023,145.24,4927198,146.68,147.19,145.19
03/03/2023,146.31,5017622,144.48,146.56,144.15
03/02/2023,143.23,5491848,141.41,143.45,141.03
03/01/2023,143.71,6344416,145.02,145.50,142.87
02/28/2023,145.54,5592583,145.55,146.61,144.97
02/27/2023,145.64,5622337,145.49,146.73,145.039
02/24/2023,143.86,5957288,143.45,144.14,142.68
02/23/2023,146.16,5284323,146.79,146.98,143.69
02/22/2023,146.28,4964246,145.87,147.24,145.22
02/21/2023,145.54,4418791,148.32,148.72,145.50
02/17/2023,150.57,3740078,149.68,150.64,148.045
02/16/2023,150.54,5628901,151.54,153.69,150.51
02/15/2023,153.90,3411511,151.69,153.93,151.10
02/14/2023,152.12,4361298,149.26,152.525,148.33
02/13/2023,150.32,3360818,148.14,150.385,147.14
02/10/2023,148.15,3216695,148.60,149.31,146.95
02/09/2023,149.91,4158092,152.19,153.19,149.17
02/08/2023,150.19,5564043,150.98,151.35,149.15
02/07/2023,151.48,4916600,150.47,151.8617,147.655
02/06/2023,151.13,4385136,150.78,152.05,149.87
02/03/2023,151.35,6796853,151.48,154.95,150.68
02/02/2023,156.16,7019836,154.81,158.025,154.10
02/01/2023,151.52,6956867,148.31,152.71,146.78
01/31/2023,148.70,3487788,145.53,148.70,145.53
01/30/2023,145.37,4789220,146.78,147.75,145.25
01/27/2023,147.89,5472665,144.73,149.03,144.70
01/26/2023,144.61,4820567,144.22,145.03,142.79
01/25/2023,141.71,3770193,138.85,141.90,137.80
01/24/2023,140.99,3186475,140.66,141.66,139.75
01/23/2023,141.15,4584149,139.35,141.68,138.54
01/20/2023,138.98,3751294,135.99,139.06,135.32
01/19/2023,135.69,6478626,136.97,137.40,134.99
01/18/2023,137.98,4798499,141.22,142.03,137.92
01/17/2023,139.80,3749889,140.11,140.92,139.40
01/13/2023,139.70,3984731,136.26,139.83,136.073
01/12/2023,138.40,4786339,139.03,139.19,136.18
01/11/2023,138.17,6354032,135.69,138.18,135.57
01/10/2023,134.54,4415358,132.94,134.56,132.22
01/09/2023,132.87,4693885,133.67,135.025,132.77
01/06/2023,132.07,4619865,128.68,132.58,127.765
01/05/2023,129.04,3888190,129.34,129.90,128.17
01/04/2023,130.25,4039840,129.59,131.21,127.9574
01/03/2023,128.39,4783631,129.93,130.30,126.83
12/30/2022,129.16,3765556,128.23,129.19,127.68
12/29/2022,129.51,3746103,128.07,129.80,127.57
12/28/2022,126.26,5036867,127.39,128.63,126.00
12/27/2022,127.33,4268096,128.83,129.07,127.2501
12/23/2022,129.43,3275639,128.21,129.79,127.34
12/22/2022,128.55,6448606,130.45,130.54,126.63
12/21/2022,131.94,5335112,131.45,132.67,130.95
12/20/2022,129.87,3855346,130.59,131.68,129.69
12/19/2022,131.40,4337910,133.52,133.80,130.88
12/16/2022,133.91,6685875,135.68,136.21,133.21
12/15/2022,136.46,5974800,136.59,137.25,135.45
12/14/2022,138.74,5451851,139.49,140.64,137.18
12/13/2022,139.78,5372102,144.42,145.32,138.27
12/12/2022,139.78,3272791,139.14,139.78,138.23
12/09/2022,139.43,3609238,139.19,140.815,138.97
12/08/2022,140.04,3203509,138.93,140.57,138.27
12/07/2022,138.70,5426310,138.59,140.18,138.16
12/06/2022,139.54,3949926,141.34,141.95,138.33
12/05/2022,141.75,5789994,144.02,144.47,141.37
12/02/2022,145.96,5986259,144.09,146.395,144.06
12/01/2022,146.15,4827066,146.71,147.32,145.04
11/30/2022,146.17,8204277,141.37,146.22,140.46
11/29/2022,141.30,5211468,141.88,142.40,140.755
11/28/2022,141.75,3020516,141.86,143.3414,141.44
11/25/2022,142.63,1364226,142.62,143.03,141.88
11/23/2022,142.55,3088882,141.02,142.85,140.73
11/22/2022,140.52,2760449,139.50,140.59,138.54
11/21/2022,138.95,3376388,140.20,140.60,138.20
11/18/2022,140.99,3706963,142.62,142.67,139.36
11/17/2022,140.80,3782556,140.47,141.40,139.48
11/16/2022,142.53,4786922,142.08,143.71,141.49
11/15/2022,144.74,4369776,146.18,146.96,143.14
11/14/2022,142.79,7920558,143.83,145.10,142.64
11/11/2022,145.09,5675152,141.90,145.89,141.47
11/10/2022,141.69,7758021,138.66,141.85,137.20
11/09/2022,132.04,5077890,135.48,136.11,131.90
11/08/2022,136.20,4767911,136.70,137.83,134.325
11/07/2022,136.54,3712348,138.33,138.45,135.20
11/04/2022,137.50,6314460,139.59,140.96,134.905
11/03/2022,136.36,5558719,136.20,137.93,135.46
11/02/2022,137.18,9927546,142.43,143.26,137.14
11/01/2022,142.57,6257333,146.48,146.90,142.29
10/31/2022,144.03,4683740,144.19,145.12,142.81
10/28/2022,144.96,7041298,140.94,145.155,139.925
10/27/2022,144.83,6361053,146.10,147.03,144.32
10/26/2022,145.39,3432303,144.80,148.32,144.40
10/25/2022,146.57,3727504,143.06,146.97,143.06
10/24/2022,142.99,4540644,141.75,143.60,139.22
10/21/2022,142.40,7787897,138.21,142.53,137.45
10/20/2022,138.37,5097643,139.18,141.78,137.91
10/19/2022,141.10,3572424,141.54,142.46,139.61
10/18/2022,142.70,5184185,145.15,145.57,141.31
10/17/2022,140.76,6565588,138.16,141.135,138.10
10/14/2022,135.27,6710967,141.92,142.66,135.05
10/13/2022,140.52,9782193,134.84,141.31,133.55
10/12/2022,139.00,9720185,138.65,140.07,137.53
10/11/2022,138.64,6001697,139.09,141.47,137.72
10/10/2022,139.78,4864176,140.86,141.26,138.40
10/07/2022,140.65,5597674,143.50,143.82,139.83
10/06/2022,145.66,7214462,146.39,147.83,145.025
10/05/2022,146.70,6270580,145.23,147.665,143.68
10/04/2022,147.57,9831909,146.13,149.01,145.71
10/03/2022,142.59,8645781,142.32,143.91,140.20
09/30/2022,142.45,6116165,143.61,146.54,142.03
09/29/2022,145.31,6156824,148.13,148.33,143.91
09/28/2022,150.51,6930654,147.17,151.30,146.43
09/27/2022,146.55,7281665,148.24,149.74,144.97
09/26/2022,146.09,6419829,145.82,149.27,145.80
09/23/2022,146.42,5606475,147.88,148.12,144.55
09/22/2022,149.87,5669455,152.63,153.18,149.10
09/21/2022,153.41,5111182,157.57,159.03,153.38
09/20/2022,157.13,4571015,158.19,158.79,155.81
09/19/2022,159.84,5014331,156.26,159.87,156.16
09/16/2022,157.94,8682148,156.82,158.21,155.69
09/15/2022,159.22,5682247,159.83,162.44,158.44
09/14/2022,160.04,7462413,158.56,160.705,157.765
09/13/2022,158.01,6675433,161.29,162.08,157.57
09/12/2022,166.60,4395833,165.39,167.19,165.39
09/09/2022,164.48,4475444,162.19,164.75,162.19
09/08/2022,161.42,4695917,158.29,161.54,157.79
09/07/2022,159.93,6316741,155.00,160.15,155.00
09/06/2022,155.17,8960978,156.17,156.54,152.85
09/02/2022,155.49,8241303,158.50,159.19,154.60
09/01/2022,156.93,5972093,154.49,157.06,152.93
08/31/2022,155.51,4431484,157.87,158.35,155.47
08/30/2022,157.06,3667167,160.17,160.53,155.48
08/29/2022,158.83,3525682,157.46,160.16,157.46
08/26/2022,159.68,3947005,166.30,166.85,159.635
08/25/2022,166.00,3045006,165.06,166.20,163.82
08/24/2022,164.04,3332025,163.01,165.68,162.61
08/23/2022,163.34,4393526,163.01,164.55,162.48
08/22/2022,162.88,4184671,164.99,164.99,162.53
08/19/2022,167.53,3574762,169.56,169.78,166.965
08/18/2022,171.06,2834591,170.91,171.45,169.96
08/17/2022,171.11,3747857,171.07,172.8893,169.99
08/16/2022,172.97,3612426,171.35,174.76,170.84
08/15/2022,171.08,3857446,169.48,171.618,169.27
08/12/2022,169.91,2948935,167.35,169.96,165.91
08/11/2022,166.15,3911035,168.47,169.25,165.63
08/10/2022,167.00,3623656,167.16,167.695,165.14
08/09/2022,162.42,3319700,164.05,164.58,161.46
08/08/2022,165.05,3647030,166.02,168.58,164.42
08/05/2022,164.31,4394244,165.29,166.74,163.46
08/04/2022,167.16,4913758,166.89,167.86,165.93
08/03/2022,166.48,6013751,164.30,167.24,163.67
08/02/2022,162.52,6907906,162.62,165.38,161.98
08/01/2022,163.64,8960929,162.86,165.99,162.0601
07/29/2022,162.83,6802744,160.33,163.48,159.25
07/28/2022,156.75,5537281,155.00,157.01,152.57
07/27/2022,154.10,5201300,150.73,154.90,150.01
07/26/2022,148.48,4098223,149.92,150.60,148.21
07/25/2022,153.42,4561693,154.88,154.96,152.48
07/22/2022,154.75,3897424,156.64,157.80,153.80
07/21/2022,155.65,5381584,152.72,155.75,151.85
07/20/2022,152.17,4670205,150.00,152.46,149.62
07/19/2022,149.71,4419964,147.39,149.94,146.14
07/18/2022,145.26,4021256,146.82,148.57,144.70
07/15/2022,144.84,3759801,144.33,145.50,143.44
07/14/2022,142.54,5257660,141.09,142.78,139.37
07/13/2022,142.66,7118057,138.70,143.92,138.14
07/12/2022,141.50,7437181,142.36,144.59,140.585
07/11/2022,142.36,3807659,145.44,145.84,142.01
07/08/2022,146.37,3098318,145.14,147.45,144.47
07/07/2022,146.35,4279535,143.04,146.63,143.02
07/06/2022,142.67,7944926,142.89,144.145,141.05
07/05/2022,143.14,5758246,138.00,143.23,137.03
07/01/2022,140.01,5667697,137.70,140.19,137.17
06/30/2022,137.48,6284661,137.71,139.21,134.76
06/29/2022,139.53,5959633,139.57,140.49,138.03
06/28/2022,139.64,5684916,145.79,147.52,139.59
06/27/2022,145.45,7287194,147.71,148.47,144.98
06/24/2022,146.99,6702349,142.60,147.04,141.93
06/23/2022,141.59,5888654,140.39,141.97,138.47
06/22/2022,139.40,6010892,137.69,142.23,137.69
06/21/2022,139.67,6428315,138.47,141.23,138.22
06/17/2022,136.10,11195040,134.65,137.28,134.17
06/16/2022,134.63,12009740,137.56,137.72,133.04
06/15/2022,141.56,9060399,138.66,143.15,138.42
06/14/2022,137.69,6677948,138.50,139.52,136.47
06/13/2022,137.80,10085880,139.45,140.95,136.76
06/10/2022,144.47,6719588,147.36,148.29,144.02
06/09/2022,150.47,3864385,153.33,154.98,150.46
06/08/2022,153.24,4405110,153.36,155.49,152.84
06/07/2022,154.15,4818740,151.38,154.60,150.51
06/06/2022,154.53,5117405,155.72,156.51,153.59
06/03/2022,153.00,5357286,154.39,155.4951,152.48
06/02/2022,157.61,5812958,153.08,157.695,152.45
06/01/2022,152.93,6116477,155.37,156.44,151.95
05/31/2022,154.54,7072748,153.92,156.09,151.57
05/27/2022,153.76,7624352,150.32,153.80,150.32
05/26/2022,148.66,8023014,143.70,149.70,143.60
05/25/2022,141.71,6477511,136.93,142.92,136.86
05/24/2022,137.82,7436021,139.14,139.515,136.00
05/23/2022,141.46,6803480,140.97,141.83,137.83
05/20/2022,140.41,7812395,144.07,144.27,136.33
05/19/2022,142.90,7706910,141.91,145.27,141.05
05/18/2022,142.80,7380772,148.63,148.63,141.71
05/17/2022,152.79,5605093,152.00,152.86,148.95
05/16/2022,149.03,5865148,151.71,151.82,148.66
05/13/2022,152.32,6286718,149.87,153.03,148.72
05/12/2022,146.55,11800640,143.01,149.99,142.03
05/11/2022,145.55,12856750,150.62,152.15,145.14
05/10/2022,150.96,12723550,154.60,155.51,148.84
05/09/2022,151.41,11047700,154.70,156.86,150.57
05/06/2022,158.15,12772710,159.29,160.86,155.37
05/05/2022,160.18,11388440,167.42,167.525,158.28
05/04/2022,169.69,9348331,164.59,169.8635,161.88
05/03/2022,164.85,12034360,165.18,165.91,163.43
05/02/2022,165.26,16774110,162.38,165.38,160.14
04/29/2022,162.88,9418264,167.86,169.36,162.56
04/28/2022,171.60,6992763,170.45,173.33,166.20
04/27/2022,168.15,12551500,169.20,171.73,167.10
04/26/2022,168.13,14598290,175.78,176.05,168.06
04/25/2022,177.09,12904850,174.28,177.24,173.24
04/22/2022,175.82,11153690,179.61,180.275,175.64
04/21/2022,180.00,11723460,186.73,187.88,179.43
04/20/2022,181.76,6938323,184.49,184.98,181.47
04/19/2022,184.13,8735045,179.04,184.39,178.89
04/18/2022,178.94,7692817,177.81,179.97,177.11
04/14/2022,178.40,8919713,180.59,181.59,178.27
04/13/2022,180.93,8410075,176.18,181.24,176.00
04/12/2022,176.54,11648780,178.61,180.47,175.84
04/11/2022,176.15,9296910,176.78,179.54,175.96
04/08/2022,179.48,9297502,180.04,181.64,178.89
04/07/2022,181.15,11269220,179.84,182.13,177.41
04/06/2022,180.23,13922380,182.44,182.44,178.56
04/05/2022,184.95,8109886,188.43,189.40,184.41
04/04/2022,189.39,7712120,185.31,189.45,184.07
04/01/2022,185.23,4989382,186.01,186.47,184.21
03/31/2022,185.00,8389039,188.58,188.58,184.83
03/30/2022,188.62,8148128,190.00,191.00,187.68
03/29/2022,191.53,9686677,190.74,192.19,189.05
03/28/2022,188.25,11532850,185.29,188.30,185.04
03/25/2022,183.36,8204363,183.92,184.30,181.68
03/24/2022,183.68,7567043,183.09,183.885,181.04
03/23/2022,182.26,7879016,183.03,185.35,181.87
03/22/2022,184.55,8210774,181.26,185.15,181.14
03/21/2022,180.08,12824020,181.79,182.89,178.42
03/18/2022,181.88,15064600,177.63,182.095,176.78
03/17/2022,178.13,13042920,173.67,178.18,173.20
03/16/2022,175.21,16889590,171.39,175.21,169.75
03/15/2022,169.43,13560290,165.14,169.91,164.73
03/14/2022,163.94,15174630,166.53,167.87,162.92
03/11/2022,166.72,12078160,171.34,171.824,166.59
03/10/2022,169.99,12927640,168.75,170.54,167.32
03/09/2022,168.79,15969050,167.88,169.75,167.12
03/08/2022,163.53,25444160,163.00,168.72,161.71
03/07/2022,163.19,16073060,172.02,172.4101,163.12
03/04/2022,171.60,10829890,173.38,173.80,169.82
03/03/2022,174.37,11201970,179.32,179.6298,173.53
03/02/2022,178.41,10131410,175.37,179.19,174.94
03/01/2022,174.74,13499040,177.17,177.71,173.53
02/28/2022,177.43,16160930,174.46,178.20,174.15
02/25/2022,176.19,13669220,173.29,176.22,170.96
02/24/2022,172.77,20868000,161.97,173.0399,161.49
02/23/2022,168.91,13567190,176.12,176.58,168.60
02/22/2022,174.75,13672870,177.48,179.22,172.65
02/18/2022,180.00,9495389,181.60,182.18,178.21
02/17/2022,181.12,9068339,184.91,185.79,180.86
02/16/2022,186.10,8698885,184.45,186.62,183.62
02/15/2022,185.57,10361600,184.38,185.74,184.00
02/14/2022,181.51,15427350,180.25,183.88,179.79
02/11/2022,180.48,12659730,186.01,186.70,179.67
02/10/2022,185.82,12973250,185.74,189.47,184.63
02/09/2022,189.08,8459372,188.95,190.17,188.30
02/08/2022,186.61,9159316,183.48,187.01,182.53
02/07/2022,184.02,9382276,185.04,187.09,183.34
02/04/2022,184.40,10010890,183.27,186.60,180.67
02/03/2022,179.30,9583255,180.65,183.51,178.92
02/02/2022,184.96,9647122,187.29,187.53,183.20
02/01/2022,186.07,11182950,185.31,186.41,182.35
01/31/2022,184.95,11097390,179.00,185.09,178.30
01/28/2022,178.10,15842940,174.91,178.10,171.48
01/27/2022,174.30,16861790,180.29,180.59,173.92
01/26/2022,178.63,21691980,183.29,184.93,176.34
01/25/2022,179.50,17945160,179.48,182.26,176.98
01/24/2022,182.59,26618460,176.68,182.77,172.05
01/21/2022,180.42,18697160,185.25,186.03,180.34
01/20/2022,185.87,9046917,190.48,192.86,185.54
01/19/2022,189.32,8702358,193.64,194.27,189.17
01/18/2022,192.80,9094291,193.74,194.67,192.09
01/14/2022,196.52,10357640,195.87,197.43,193.69
01/13/2022,197.44,8247020,202.15,203.13,196.96
01/12/2022,201.49,6578370,201.58,202.52,199.77
01/11/2022,200.17,8443681,197.97,200.57,196.45
01/10/2022,198.26,10635730,196.86,198.36,192.58
01/07/2022,199.48,7502625,203.16,203.68,198.83
01/06/2022,202.86,8622723,203.11,204.29,199.66
01/05/2022,203.39,8637798,208.75,209.39,203.29
01/04/2022,209.03,6584725,210.66,211.81,207.89
01/03/2022,210.31,7232741,208.29,210.33,207.10
12/31/2021,204.44,3442753,205.09,205.81,204.30
12/30/2021,204.93,3570064,204.97,206.7332,204.75
12/29/2021,205.67,3792250,205.76,206.18,204.37
12/28/2021,205.26,4153112,205.63,206.35,204.91
12/27/2021,205.17,4214980,203.57,205.79,203.48
12/23/2021,203.19,5294422,200.66,203.73,200.36
12/22/2021,200.41,5745536,197.46,200.62,197.11
12/21/2021,196.82,6765259,193.90,196.87,192.40
12/20/2021,191.85,11163480,191.88,192.28,189.90
12/17/2021,195.29,11755380,194.99,197.64,193.65
12/16/2021,196.63,9184428,202.05,202.41,196.37
12/15/2021,201.07,9521136,197.85,201.17,195.20
12/14/2021,198.55,7686000,197.50,199.12,196.35
12/13/2021,199.71,7497827,203.80,204.14,199.18
12/10/2021,204.99,7186480,204.55,205.06,202.10
12/09/2021,203.57,5878756,206.32,206.64,203.50
12/08/2021,207.16,5994066,206.79,207.51,205.54
12/07/2021,206.64,6937789,205.29,207.30,204.785
12/06/2021,201.93,11663240,200.45,203.75,197.66
12/03/2021,199.65,14271620,204.37,204.97,197.60
12/02/2021,203.61,16643940,201.83,204.57,200.57
12/01/2021,200.75,12970500,206.75,208.75,200.61
11/30/2021,204.44,13217910,206.77,208.08,203.35
11/29/2021,207.24,8383754,206.75,208.89,206.23
11/26/2021,204.07,7664595,206.32,207.03,203.73
11/24/2021,209.79,8170624,207.15,210.43,206.05
11/23/2021,209.36,11481420,211.08,212.24,206.49
11/22/2021,210.89,9215599,212.78,215.06,210.02
11/19/2021,211.42,7494774,210.51,211.99,210.08
11/18/2021,210.51,7402103,209.23,210.86,208.13
11/17/2021,208.15,8273677,207.71,209.41,207.31
11/16/2021,206.83,5650554,203.88,207.30,203.84
11/15/2021,203.62,5306038,203.94,204.33,202.45
11/12/2021,203.79,5167534,203.17,204.05,201.86
11/11/2021,203.11,6206672,205.83,205.848,203.02
11/10/2021,203.66,11344110,203.09,206.53,201.07
11/09/2021,204.42,16551180,209.02,209.28,203.83
11/08/2021,208.27,5857743,209.01,210.82,208.19
11/05/2021,211.26,4815600,211.24,212.70,211.06
11/04/2021,209.91,5800106,208.12,210.72,207.86
11/03/2021,207.12,6408160,203.41,207.25,203.22
11/02/2021,203.46,6779623,203.08,204.70,202.43
11/01/2021,204.84,5617181,202.63,204.88,201.42
10/29/2021,201.15,4254187,198.34,201.26,197.79
10/28/2021,200.63,4500777,199.66,201.22,199.10
10/27/2021,198.00,4915522,198.47,199.87,197.94
10/26/2021,197.56,7515725,198.39,201.61,196.78
10/25/2021,197.53,5538566,194.43,198.37,193.65
10/22/2021,192.75,3688354,193.32,193.81,191.90
10/21/2021,193.44,3565138,190.32,193.55,190.31
10/20/2021,190.64,4803471,190.78,191.49,190.31
10/19/2021,190.78,2904405,191.77,191.77,190.5804
10/18/2021,191.32,3933554,188.61,191.45,188.57
10/15/2021,189.01,4358788,187.32,189.085,187.04
10/14/2021,186.16,3757300,185.30,186.46,185.10
10/13/2021,184.23,5415987,183.89,184.73,182.78
10/12/2021,183.33,5141105,183.00,184.07,182.50
10/11/2021,181.89,3318544,182.56,184.00,181.88
10/08/2021,182.63,3699794,183.54,183.71,182.46
10/07/2021,183.47,3768898,182.22,184.16,182.03
10/06/2021,180.66,5136267,178.97,180.87,178.24
10/05/2021,180.09,5484317,179.99,181.75,179.57
10/04/2021,179.37,9247058,181.35,181.88,178.76
10/01/2021,180.80,7759894,180.36,181.65,178.50
09/30/2021,179.45,8248401,182.52,182.655,179.45
09/29/2021,182.49,6096109,182.93,184.32,182.05
09/28/2021,182.31,7470897,184.79,185.07,181.33
09/27/2021,185.89,4743961,184.16,186.39,184.09
09/24/2021,184.90,4016516,183.03,185.06,182.81
09/23/2021,184.21,4137596,183.14,185.00,183.14
09/22/2021,182.36,6183735,181.03,183.20,180.62
09/21/2021,179.91,6251847,180.72,181.37,179.34
09/20/2021,179.64,8095950,180.35,181.28,177.38
09/17/2021,184.11,7462549,184.54,185.595,183.69
09/16/2021,184.76,6085705,183.54,185.22,183.2011
09/15/2021,183.92,5147309,182.32,184.215,180.98
09/14/2021,182.74,4231237,183.70,183.94,181.98
09/13/2021,183.35,5767325,183.72,183.87,181.55
09/10/2021,182.90,4813633,185.01,185.18,182.82
09/09/2021,184.03,4357399,184.41,185.56,183.96
09/08/2021,184.27,3692758,184.01,184.705,182.76
09/07/2021,184.06,4375270,183.60,184.50,183.52
09/03/2021,183.52,3444849,183.15,183.57,182.36
09/02/2021,183.63,3357643,184.13,184.695,183.35
09/01/2021,183.64,4099168,184.28,184.62,183.505
08/31/2021,183.65,4777883,183.38,183.74,182.62
08/30/2021,183.21,3683341,182.36,183.83,182.25
08/27/2021,181.84,3982446,180.60,182.155,180.30
08/26/2021,180.20,3697138,181.26,181.35,179.83
08/25/2021,181.88,3633349,181.18,182.11,180.84
08/24/2021,181.18,2895826,180.67,181.70,180.35
08/23/2021,179.91,3445183,178.57,180.32,178.39
08/20/2021,177.62,3309224,176.21,177.8181,176.05
08/19/2021,175.93,5667299,175.54,177.20,174.87
08/18/2021,177.06,4999073,176.38,178.88,176.17
08/17/2021,176.43,5532624,178.44,178.44,174.95
08/16/2021,180.72,3328796,180.50,180.86,178.81
08/13/2021,181.56,2468219,182.20,182.30,181.19
08/12/2021,182.08,2615611,181.88,182.17,180.62
08/11/2021,182.00,2750365,181.87,182.27,181.20
08/10/2021,181.47,2600524,180.96,182.15,180.56
08/09/2021,180.76,2780326,181.05,181.20,180.32
08/06/2021,181.01,2911137,182.50,182.61,180.81
08/05/2021,182.25,2700604,181.07,182.38,180.93
08/04/2021,180.52,3956466,181.90,182.18,180.52
08/03/2021,182.29,4223109,181.69,182.34,180.09
08/02/2021,180.95,3651451,181.90,182.38,180.76
07/30/2021,180.43,4663590,180.43,182.095,180.09
07/29/2021,184.22,3653691,182.99,184.69,182.87
07/28/2021,182.17,2986882,182.55,183.2044,181.30
07/27/2021,182.76,3679890,184.51,184.51,180.80
07/26/2021,184.63,3447513,183.37,184.65,182.90
07/23/2021,183.27,3504462,182.27,183.57,181.84
07/22/2021,181.65,4030888,180.72,181.86,179.81
07/21/2021,180.87,4092741,179.88,180.97,179.83
07/20/2021,179.22,4919011,176.49,179.69,175.62
07/19/2021,175.97,8044419,175.14,176.01,173.77
07/16/2021,178.01,4212380,180.77,180.98,177.8692
07/15/2021,180.23,3333752,180.89,181.71,178.97
07/14/2021,181.21,3741973,182.54,182.75,181.11
07/13/2021,181.54,6196427,183.38,183.68,181.385
07/12/2021,183.74,5407275,182.70,183.79,182.555
07/09/2021,182.49,2816441,181.58,182.61,181.37
07/08/2021,180.80,5641793,178.43,181.40,177.64
07/07/2021,181.25,3347081,181.84,182.29,179.97
07/06/2021,181.35,3896040,181.41,181.88,179.705
07/02/2021,181.14,2901718,180.00,181.17,179.83
07/01/2021,179.56,3105437,178.99,179.60,178.84
06/30/2021,178.55,2899311,178.21,179.36,178.21
06/29/2021,178.41,2314644,178.08,178.78,177.89
06/28/2021,177.97,2792062,177.95,178.13,177.03
06/25/2021,177.93,4974593,178.65,178.75,177.55
06/24/2021,176.81,3979477,177.55,177.94,176.46
06/23/2021,176.21,2658923,175.20,176.56,175.11
06/22/2021,174.86,3370281,173.36,175.555,173.24
06/21/2021,173.23,4803679,172.46,173.67,171.99
06/18/2021,172.16,6995647,171.80,172.83,171.38
06/17/2021,173.07,4633524,172.00,173.69,171.60
06/16/2021,172.42,4707076,172.49,172.83,170.93
06/15/2021,172.34,2829844,173.28,173.28,171.74
06/14/2021,173.26,2885055,173.22,173.59,172.25
06/11/2021,173.21,2734178,172.56,173.23,172.28
06/10/2021,172.27,2612492,171.77,172.58,171.25
06/09/2021,171.46,3565787,172.89,172.995,171.39
06/08/2021,172.41,3062429,172.17,172.96,171.24
06/07/2021,171.03,3194996,170.90,171.13,169.73
06/04/2021,171.03,3216726,170.61,171.18,170.13
06/03/2021,169.67,4351398,170.61,171.07,169.38
06/02/2021,171.71,3531628,172.67,172.685,171.07
06/01/2021,172.51,4680590,173.87,173.9889,172.20
05/28/2021,172.84,3227221,173.80,173.80,172.43
05/27/2021,173.08,3891780,173.03,173.47,172.50
05/26/2021,172.39,3736873,171.57,173.12,171.40
05/25/2021,170.76,3566929,170.99,171.54,169.69
05/24/2021,170.22,3363363,169.46,171.02,168.88
05/21/2021,168.55,3885631,170.53,170.53,168.475
05/20/2021,169.40,4534058,168.51,169.77,168.2935
05/19/2021,167.68,7060207,166.34,167.77,165.49
05/18/2021,169.10,3878442,170.81,171.58,169.08
05/17/2021,170.43,5222463,170.23,170.83,168.91
05/14/2021,170.74,4105949,169.42,171.105,168.94
05/13/2021,167.83,7042133,167.81,169.45,166.02
05/12/2021,166.65,7061981,170.52,171.33,166.28
05/11/2021,172.49,7110357,171.53,173.1492,169.81
05/10/2021,174.46,3488011,177.68,177.68,174.44
05/07/2021,177.62,3375197,176.73,178.10,175.81
05/06/2021,176.04,3925315,176.04,176.30,174.36
05/05/2021,175.66,1912940,177.45,177.71,175.36
05/04/2021,176.21,4603630,176.74,177.02,174.01
05/03/2021,178.07,3685859,179.89,179.98,177.83
04/30/2021,178.92,2825542,178.02,179.49,177.88
04/29/2021,178.23,3222526,179.31,179.42,176.65
04/28/2021,178.18,2380670,178.17,179.14,177.77
04/27/2021,178.39,2219281,178.69,179.11,177.99
04/26/2021,178.60,2230458,178.42,179.17,177.44
04/23/2021,177.82,1911924,176.55,178.545,175.98
04/22/2021,175.98,2980037,178.17,178.43,175.33
04/21/2021,177.95,2770095,174.95,178.14,174.60
04/20/2021,175.61,4231039,177.22,177.63,174.30
04/19/2021,177.85,3515424,178.88,179.05,177.29
04/16/2021,179.87,2638033,178.92,180.105,178.44
04/15/2021,178.49,2515680,178.46,178.60,177.49
04/14/2021,177.22,3338329,179.38,180.16,176.85
04/13/2021,178.98,2675731,177.41,179.33,177.17
04/12/2021,177.11,3142797,175.97,177.28,175.82
04/09/2021,175.98,3046893,174.16,176.02,173.97
04/08/2021,174.32,3212506,174.47,174.72,173.20
04/07/2021,173.50,2524693,173.92,174.54,173.20
04/06/2021,174.02,3150965,173.11,174.70,172.99
04/05/2021,173.27,4314497,172.12,173.905,171.80
04/01/2021,169.42,4070000,169.59,169.70,168.85
03/31/2021,168.07,3968927,167.48,168.98,167.03
03/30/2021,166.77,3660883,164.43,167.02,163.77
03/29/2021,165.15,4679152,165.63,166.47,163.94
03/26/2021,166.06,4271349,165.34,166.18,163.165
03/25/2021,164.69,5659948,161.69,165.24,161.35
03/24/2021,163.26,4676194,166.48,167.365,163.26
03/23/2021,165.71,3995066,167.29,168.01,165.28
03/22/2021,167.28,3612136,167.36,168.71,166.66
03/19/2021,166.45,6060525,165.27,166.80,163.54
03/18/2021,165.46,5075896,168.02,168.76,165.18
03/17/2021,169.61,4355996,166.01,170.20,165.83
03/16/2021,167.26,3436809,169.01,169.33,166.49
03/15/2021,169.01,4402490,167.00,169.06,166.42
03/12/2021,166.77,4171691,164.52,166.775,164.06
03/11/2021,166.28,4229235,166.00,166.92,165.02
03/10/2021,163.77,7122900,165.08,165.99,162.61
03/09/2021,162.94,9307193,160.13,163.995,159.31
03/08/2021,157.01,6268083,157.45,160.22,156.74
03/05/2021,156.82,10313500,157.01,157.28,149.65
03/04/2021,155.83,9234823,159.26,160.30,152.84
03/03/2021,159.20,5562842,162.71,163.36,159.20
03/02/2021,163.03,3311230,165.16,165.52,162.95
03/01/2021,164.93,4350264,163.15,165.215,162.84
02/26/2021,161.15,6127726,162.54,163.28,159.01
02/25/2021,160.48,7320928,165.50,166.42,159.68
02/24/2021,166.68,3986771,164.74,166.90,162.98
02/23/2021,164.95,5384305,163.10,165.79,159.06
02/22/2021,166.04,2847035,168.00,168.59,165.89
02/19/2021,169.62,2511380,171.38,171.38,169.39
02/18/2021,170.61,2580040,168.77,171.16,168.65
02/17/2021,170.56,3220883,168.55,170.73,167.70
02/16/2021,169.58,2258203,170.65,170.87,169.11
02/12/2021,170.32,1997177,169.34,170.40,168.86
02/11/2021,170.08,1955840,171.00,171.59,169.26
02/10/2021,170.55,2441586,172.81,172.81,169.25
02/09/2021,172.25,1807698,172.66,173.08,172.04
02/08/2021,173.21,2360441,173.35,173.46,172.15
02/05/2021,172.23,2232093,171.20,172.81,170.86
02/04/2021,170.60,2571448,169.58,170.60,169.06
02/03/2021,168.80,2031420,170.30,170.4666,168.68
02/02/2021,169.75,2700719,167.51,170.87,167.49
02/01/2021,166.22,3251295,163.89,166.40,162.89
01/29/2021,162.01,5416710,164.92,165.29,161.09
01/28/2021,165.88,3921702,164.58,167.52,163.61
01/27/2021,165.36,5620689,168.69,168.79,164.53
01/26/2021,170.62,3729176,171.32,171.48,169.98
01/25/2021,170.73,5880274,170.54,171.96,167.3373
01/22/2021,170.10,2225645,169.78,170.4069,169.11
01/21/2021,170.68,3343963,170.79,171.79,170.49
01/20/2021,169.89,3434366,168.31,170.37,167.79
01/19/2021,166.74,3174329,167.21,167.48,166.09
01/15/2021,165.80,3635740,166.82,167.34,165.14
01/14/2021,167.09,3014951,168.35,169.17,166.89
01/13/2021,168.16,2827322,168.35,168.805,167.32
01/12/2021,168.17,5697712,166.51,168.80,166.31
01/11/2021,165.64,3710548,166.82,167.50,165.19
01/08/2021,168.79,4642159,167.34,168.96,166.29
01/07/2021,165.38,3362779,163.72,166.03,163.66
01/06/2021,162.25,4415992,160.79,164.01,160.15
01/05/2021,160.61,3131211,158.50,161.06,158.45
01/04/2021,159.42,9060195,161.78,161.89,157.44
12/31/2020,160.78,2929651,160.71,160.98,159.93
12/30/2020,160.69,2440695,160.30,160.925,160.13
12/29/2020,159.73,2431202,160.24,160.53,158.98
12/28/2020,159.68,2912501,159.42,160.32,158.60
12/24/2020,157.88,1048821,157.70,158.12,157.21
12/23/2020,157.55,2172967,157.24,158.05,156.57
12/22/2020,157.21,3726599,157.63,157.70,155.83
12/21/2020,157.89,3952165,157.40,158.81,156.27
12/18/2020,159.99,4946372,161.04,161.13,159.28
12/17/2020,160.77,1988746,160.50,160.80,160.04
12/16/2020,159.68,2221727,158.93,160.08,158.87
12/15/2020,158.64,2326300,157.91,158.67,157.19
12/14/2020,156.53,3407484,157.72,158.62,156.48
12/11/2020,156.30,2067158,156.47,157.03,155.23
12/10/2020,157.05,2903011,156.58,157.72,155.93
12/09/2020,157.19,6030412,158.37,158.45,156.52
12/08/2020,157.34,2478452,156.91,157.44,156.12
12/07/2020,157.67,4215580,157.68,157.745,156.87
12/04/2020,158.03,2089284,158.20,158.4299,157.72
12/03/2020,157.88,3005736,157.48,158.75,157.48
12/02/2020,157.44,2154615,157.81,157.81,156.77
12/01/2020,158.43,4369116,158.49,159.16,157.49
11/30/2020,157.26,3288012,157.98,158.06,155.21
11/27/2020,158.22,1108264,158.60,158.79,157.74
11/25/2020,157.88,2312351,157.57,158.14,157.13
11/24/2020,157.69,2732835,156.85,158.21,156.40
11/23/2020,155.38,2306109,154.54,155.79,154.125
11/20/2020,153.69,2066734,154.65,154.76,153.64
11/19/2020,154.50,2107214,153.71,154.65,153.38
11/18/2020,153.74,2707605,154.72,155.96,153.70
11/17/2020,154.80,2919789,154.91,155.51,153.63
11/16/2020,155.46,3932297,155.00,155.51,153.83
11/13/2020,153.45,2231761,151.87,153.705,151.65
11/12/2020,151.00,2964886,153.05,153.065,150.135
11/11/2020,153.05,3703465,152.69,153.77,152.11
11/10/2020,151.72,8882619,152.11,152.47,150.11
11/09/2020,152.26,4891333,158.04,158.04,152.07
11/06/2020,152.76,2423550,152.77,153.03,151.46
11/05/2020,153.22,3240046,152.93,154.15,152.2599
11/04/2020,150.29,4270617,148.90,152.0759,148.60
11/03/2020,147.16,2837749,145.52,147.99,144.78
11/02/2020,143.99,3990906,144.84,145.35,142.41
10/30/2020,142.97,4991626,145.03,145.55,141.74
10/29/2020,146.16,3033928,145.66,147.84,144.62
10/28/2020,145.24,4586428,147.29,148.03,145.08
10/27/2020,149.98,3120736,150.45,150.90,149.56
10/26/2020,150.05,3150116,151.43,152.05,147.915
10/23/2020,152.99,1957539,152.28,153.01,151.11
10/22/2020,151.66,2068109,151.33,151.83,149.70
10/21/2020,151.35,2769908,152.01,153.07,150.90
10/20/2020,152.18,4260407,151.85,154.06,151.44
10/19/2020,150.97,2577000,153.85,154.46,150.60
10/16/2020,152.85,2105617,154.94,155.68,152.38
10/15/2020,154.25,2379053,151.70,154.54,151.25
10/14/2020,153.68,3805374,155.73,155.89,152.99
10/13/2020,155.40,3413072,155.11,156.10,154.5901
10/12/2020,155.43,3197227,154.46,156.1415,154.24
10/09/2020,153.39,3681474,152.60,153.75,152.41
10/08/2020,151.81,2533327,151.80,151.91,150.695
10/07/2020,150.82,2502953,149.24,151.18,149.24
10/06/2020,147.45,3977298,150.37,151.05,147.21
10/05/2020,150.23,2320379,149.06,150.395,148.93
10/02/2020,148.27,4090945,146.12,148.77,146.06
10/01/2020,148.90,3879579,148.43,149.03,147.49
09/30/2020,146.98,4474396,146.23,148.72,146.05
09/29/2020,145.79,3028827,146.86,146.959,145.69
09/28/2020,146.93,2662675,145.81,147.27,145.22
09/25/2020,143.92,2514322,142.03,144.41,141.04
09/24/2020,142.07,4498673,141.48,144.06,140.40
09/23/2020,142.13,3965354,146.00,146.27,141.84
09/22/2020,144.50,3819341,142.38,144.63,141.91
09/21/2020,141.51,4217906,141.29,141.67,139.0323
09/18/2020,143.89,5423621,146.38,146.435,142.69
09/17/2020,145.92,4424640,145.84,146.87,144.70
09/16/2020,148.00,2608622,149.45,150.03,147.93
09/15/2020,148.83,2706225,148.55,149.34,148.06
09/14/2020,147.62,2778340,147.69,148.76,147.04
09/11/2020,146.07,3798254,146.84,147.51,144.69
09/10/2020,145.85,6277087,148.71,150.28,145.37
09/09/2020,147.97,3712940,146.59,149.07,145.735
09/08/2020,145.23,7606291,144.74,147.27,144.05
09/04/2020,147.16,6669885,149.36,150.21,143.62
09/03/2020,148.88,7571015,153.32,153.43,147.45
09/02/2020,153.76,4077423,152.71,154.14,151.84
09/01/2020,151.66,4952274,150.23,151.75,150.02
08/31/2020,150.09,3512483,150.51,150.955,149.89
08/28/2020,150.53,2137875,150.32,150.80,149.74
08/27/2020,149.55,3085432,150.92,151.02,148.99
08/26/2020,150.36,2792253,148.90,150.60,148.76
08/25/2020,148.89,2599027,148.75,148.90,147.68
08/24/2020,148.40,2642251,147.18,148.46,147.17
08/21/2020,146.18,1823841,145.28,146.26,145.25
08/20/2020,145.43,1663269,144.77,145.85,144.40
08/19/2020,145.65,2655410,146.91,146.95,145.44
08/18/2020,146.34,2587680,146.00,146.66,144.91
08/17/2020,145.44,1608972,144.77,145.62,144.14
08/14/2020,143.59,1687059,143.60,143.91,142.97
08/13/2020,143.60,2371377,143.53,144.46,143.30
08/12/2020,143.66,3815599,143.18,143.96,142.63
08/11/2020,141.78,3546913,142.87,143.67,141.45
08/10/2020,142.06,2280328,140.88,142.22,140.66
08/07/2020,140.38,2976535,140.18,140.80,139.36
08/06/2020,140.17,2156094,138.99,140.47,138.79
08/05/2020,139.49,3268368,138.35,139.56,138.13
08/04/2020,137.81,2670092,136.44,137.85,136.42
08/03/2020,136.71,2794600,137.44,137.48,136.54
07/31/2020,137.00,3807170,137.97,138.21,135.49
07/30/2020,136.29,3970443,135.42,136.95,134.63
07/29/2020,136.40,2247524,135.92,136.69,135.71
07/28/2020,135.03,2559821,136.11,136.66,134.83
07/27/2020,136.38,2449656,136.12,136.69,135.40
07/24/2020,135.54,3143802,134.54,136.13,133.87
07/23/2020,135.30,3433847,137.51,137.51,134.37
07/22/2020,137.36,2660497,135.96,137.44,135.83
07/21/2020,136.19,2657904,137.04,137.23,135.69
07/20/2020,135.98,2735803,133.94,136.33,133.61
07/17/2020,133.84,3094657,134.99,134.99,133.3596
07/16/2020,134.47,3024682,133.74,134.85,133.28
07/15/2020,134.83,3752862,134.80,135.23,132.92
07/14/2020,132.93,5737048,130.97,133.01,129.43
07/13/2020,131.62,6641270,134.51,136.50,131.25
07/10/2020,133.31,6456353,131.82,133.41,130.95
07/09/2020,131.74,3112394,132.35,132.44,129.62
07/08/2020,131.89,2739961,130.73,131.92,130.12
07/07/2020,130.50,3446631,131.96,132.38,130.28
07/06/2020,132.58,3557949,131.44,132.64,131.11
07/02/2020,129.51,3664259,130.94,131.65,129.18
07/01/2020,129.00,5586407,127.89,129.53,127.79
06/30/2020,127.71,3364938,126.00,128.295,125.613
06/29/2020,126.10,3911330,124.30,126.20,122.93
06/26/2020,123.75,5748505,126.68,126.95,123.54
06/25/2020,126.72,4884674,126.02,126.86,124.77
06/24/2020,126.55,5981477,128.63,129.09,124.98
06/23/2020,129.40,3673804,129.77,130.21,129.01
06/22/2020,128.39,2837884,126.87,128.50,126.30
06/19/2020,127.38,6691951,129.99,130.24,126.97
06/18/2020,128.38,2766752,128.35,129.07,127.80
06/17/2020,128.85,3175214,129.73,130.17,128.53
06/16/2020,129.19,5083444,130.38,130.54,126.59
06/15/2020,126.53,4996497,122.59,126.93,121.92
06/12/2020,125.34,5994757,127.44,127.88,122.80
06/11/2020,124.11,6867784,126.77,128.66,123.81
06/10/2020,130.97,3892230,132.73,132.75,130.83
06/09/2020,132.21,4344916,132.08,132.95,131.24
06/08/2020,133.25,3502454,132.01,133.30,132.01
06/05/2020,131.25,5844661,131.23,131.9887,130.58
06/04/2020,128.18,4985779,128.53,129.31,127.50
06/03/2020,128.83,5531065,127.06,129.23,127.06
06/02/2020,126.44,4226686,125.93,126.44,125.28
06/01/2020,125.37,3331277,124.34,125.82,124.24
05/29/2020,124.19,6507996,123.70,124.64,122.75
05/28/2020,123.74,3646981,125.63,126.08,123.405
05/27/2020,125.26,5765629,124.62,125.28,122.10
05/26/2020,123.15,4564260,124.44,124.75,122.97
05/22/2020,121.23,3821024,121.36,121.56,120.30
05/21/2020,121.41,4558596,121.28,122.07,119.94
05/20/2020,120.98,3854136,121.39,121.4188,120.23
05/19/2020,119.42,5256835,119.59,121.41,119.13
05/18/2020,119.85,5117037,118.64,120.398,118.52
05/15/2020,115.48,6278256,113.22,115.50,112.84
05/14/2020,114.15,5718373,111.09,114.20,110.06
05/13/2020,112.47,6681084,114.27,114.92,111.35
05/12/2020,114.44,5972398,117.50,117.77,114.38
05/11/2020,117.00,4043612,116.24,117.96,116.08
05/08/2020,117.26,3936588,116.49,117.37,115.85
05/07/2020,115.02,5333595,114.65,115.59,114.5975
05/06/2020,113.24,3905014,114.00,114.48,113.075
05/05/2020,113.26,4546841,114.35,114.69,113.02
05/04/2020,112.85,4606904,110.76,112.90,110.12
05/01/2020,112.24,6276608,113.02,113.94,111.37
04/30/2020,116.60,5053528,116.48,117.30,115.3988
04/29/2020,117.33,4998795,117.03,118.21,116.38
04/28/2020,114.80,4729440,116.49,116.90,114.22
04/27/2020,114.35,4119671,113.40,115.09,113.29
04/24/2020,112.25,2914498,111.52,112.75,110.495
04/23/2020,110.38,4129555,110.96,112.02,109.98
04/22/2020,110.41,3385690,110.09,111.18,109.47
04/21/2020,108.08,4327909,109.11,109.83,107.24
04/20/2020,110.96,3413066,111.70,113.19,110.7701
04/17/2020,112.93,4383922,112.36,113.20,110.97
04/16/2020,109.69,4609191,108.84,111.00,107.80
04/15/2020,108.39,3808761,108.07,109.14,107.08
04/14/2020,110.82,5744700,108.88,111.03,108.37
04/13/2020,106.65,3411719,106.26,107.05,104.65
04/09/2020,106.68,5322906,106.30,108.44,105.6517
04/08/2020,104.79,4165482,102.83,105.21,102.09
04/07/2020,101.59,7009093,104.73,105.505,101.37
04/06/2020,100.10,5303916,95.79,100.63,95.79
04/03/2020,92.41,5180054,93.48,93.95,91.23
04/02/2020,94.05,5998824,93.15,95.48,91.98
04/01/2020,93.70,6758401,94.35,95.95,92.87
03/31/2020,98.08,5152333,99.23,100.69,97.82
03/30/2020,100.10,6660260,98.64,100.49,96.925
03/27/2020,98.05,5131145,98.36,100.64,96.89
03/26/2020,101.45,6495561,98.48,102.10,98.01
03/25/2020,97.42,9998946,97.44,101.07,95.03
03/24/2020,95.74,10373690,92.34,95.895,91.95
03/23/2020,87.53,7654169,86.86,89.31,84.66
03/20/2020,87.81,12891720,91.56,94.47,87.66
03/19/2020,90.50,7442125,87.08,93.06,84.19
03/18/2020,87.45,13828880,86.82,89.12,81.7378
03/17/2020,92.78,13567050,91.34,94.73,86.245
03/16/2020,89.34,8408900,91.05,95.85,88.64
03/13/2020,102.30,8037076,101.60,102.37,95.97
03/12/2020,96.34,9980826,99.07,102.67,95.25
03/11/2020,107.17,7627558,110.27,110.82,106.14
03/10/2020,113.37,10969640,111.21,113.37,107.37
03/09/2020,107.43,8414870,106.08,110.70,103.50
03/06/2020,114.65,8327470,112.89,115.27,112.17
03/05/2020,116.44,7299838,118.06,118.83,115.54
03/04/2020,120.95,7342410,118.74,121.05,117.45
03/03/2020,116.91,14774260,120.16,121.74,115.80
03/02/2020,119.81,9511225,116.18,119.82,114.55
02/28/2020,115.83,20617110,112.80,116.00,112.53
02/27/2020,116.58,17717160,119.00,121.48,116.52
02/26/2020,121.49,12360390,123.19,124.33,121.18
02/25/2020,122.46,14609930,126.92,127.19,122.17
02/24/2020,125.82,8753592,125.88,127.04,125.20
02/21/2020,130.30,6161330,131.74,131.88,129.96
02/20/2020,132.32,5416369,132.16,132.68,130.69
02/19/2020,132.27,2318071,132.15,132.73,132.08
02/18/2020,131.68,3370054,131.50,132.11,130.95
02/14/2020,131.69,2479787,132.14,132.30,131.33
02/13/2020,131.89,3553398,131.60,132.38,131.23
02/12/2020,132.12,3905516,131.43,132.192,131.41
02/11/2020,130.78,5507862,130.29,131.34,129.97
02/10/2020,129.76,2933621,128.21,129.77,128.21
02/07/2020,128.31,3633784,128.29,128.9199,127.79
02/06/2020,128.87,5519882,129.45,129.48,128.87
02/05/2020,129.16,6677013,129.36,129.5157,128.26
02/04/2020,128.51,8348620,128.06,128.94,127.77
02/03/2020,126.21,8082244,126.02,127.77,126.01
01/31/2020,125.32,8422254,127.56,127.73,125.06
01/30/2020,125.00,5230465,124.23,125.13,123.98
01/29/2020,125.21,2930064,125.69,126.18,125.12
01/28/2020,125.28,5907730,124.67,125.75,124.19
01/27/2020,124.07,7877101,123.23,124.71,122.99
01/24/2020,125.95,5690930,127.98,128.05,125.40
01/23/2020,127.73,3995908,126.89,127.89,126.24
01/22/2020,127.54,3965084,128.07,128.53,127.4302
01/21/2020,127.60,4001934,127.34,127.79,126.92
01/17/2020,127.99,6736581,127.88,128.17,127.73
01/16/2020,127.54,4349534,127.14,127.56,127.03
01/15/2020,126.41,3261867,126.35,126.85,126.10
